filename,cluster_label,shannon_index
C:\Users\alina\Desktop\Capstone Project\segmented_audio\nn01a_20181006_000000_segment_8444.wav,0,4.746342
C:\Users\alina\Desktop\Capstone Project\segmented_audio\nn01a_20181002_000000_segment_7824.wav,0,4.862137
C:\Users\alina\Desktop\Capstone Project\segmented_audio\nn01a_20181006_000000_segment_8529.wav,0,4.6752386
C:\Users\alina\Desktop\Capstone Project\segmented_audio\nn01a_20181006_000000_segment_8456.wav,0,4.736443
C:\Users\alina\Desktop\Capstone Project\segmented_audio\nn01a_20181003_000000_segment_7800.wav,0,4.7105126
C:\Users\alina\Desktop\Capstone Project\segmented_audio\nn01a_20181006_000000_segment_8532.wav,0,4.674398
C:\Users\alina\Desktop\Capstone Project\segmented_audio\nn01a_20181003_000000_segment_7688.wav,0,4.805871
C:\Users\alina\Desktop\Capstone Project\segmented_audio\nn01a_20181004_000000_segment_8436.wav,0,4.75144
C:\Users\alina\Desktop\Capstone Project\segmented_audio\nn01a_20181002_000000_segment_7814.wav,0,4.8374453
C:\Users\alina\Desktop\Capstone Project\segmented_audio\nn01a_20181006_000000_segment_8521.wav,0,4.7133365
C:\Users\alina\Desktop\Capstone Project\segmented_audio\nn01a_20181006_000000_segment_8468.wav,0,4.7274776
C:\Users\alina\Desktop\Capstone Project\segmented_audio\nn01a_20181006_000000_segment_8476.wav,0,4.721662
C:\Users\alina\Desktop\Capstone Project\segmented_audio\nn01a_20181006_000000_segment_8530.wav,0,4.6549845
C:\Users\alina\Desktop\Capstone Project\segmented_audio\nn01a_20181001_000000_segment_7377.wav,0,4.8073406
C:\Users\alina\Desktop\Capstone Project\segmented_audio\nn01a_20181002_000000_segment_7813.wav,0,4.833189
C:\Users\alina\Desktop\Capstone Project\segmented_audio\nn01a_20181006_000000_segment_8409.wav,0,4.7050433
C:\Users\alina\Desktop\Capstone Project\segmented_audio\nn01a_20181006_000000_segment_8427.wav,0,4.712669
C:\Users\alina\Desktop\Capstone Project\segmented_audio\nn01a_20181003_000000_segment_7883.wav,0,4.743083
C:\Users\alina\Desktop\Capstone Project\segmented_audio\nn01a_20181004_000000_segment_8451.wav,0,4.7491894
C:\Users\alina\Desktop\Capstone Project\segmented_audio\nn01a_20181006_000000_segment_8525.wav,0,4.662364
C:\Users\alina\Desktop\Capstone Project\segmented_audio\nn01a_20181003_000000_segment_7934.wav,0,4.739929
C:\Users\alina\Desktop\Capstone Project\segmented_audio\nn01a_20181006_000000_segment_8535.wav,0,4.6976805
C:\Users\alina\Desktop\Capstone Project\segmented_audio\nn01a_20181003_000000_segment_7703.wav,0,4.8188515
C:\Users\alina\Desktop\Capstone Project\segmented_audio\nn01a_20181002_000000_segment_8035.wav,0,4.8827047
C:\Users\alina\Desktop\Capstone Project\segmented_audio\nn01a_20181003_000000_segment_8423.wav,0,4.707241
C:\Users\alina\Desktop\Capstone Project\segmented_audio\nn01a_20181003_000000_segment_8057.wav,0,4.7112703
C:\Users\alina\Desktop\Capstone Project\segmented_audio\nn01a_20181003_000000_segment_8174.wav,0,4.6499314
C:\Users\alina\Desktop\Capstone Project\segmented_audio\nn01a_20181004_000000_segment_8309.wav,0,4.816417
C:\Users\alina\Desktop\Capstone Project\segmented_audio\nn01a_20181006_000000_segment_8531.wav,0,4.6598277
C:\Users\alina\Desktop\Capstone Project\segmented_audio\nn01a_20181004_000000_segment_8110.wav,0,4.7171364
C:\Users\alina\Desktop\Capstone Project\segmented_audio\nn01a_20181006_000000_segment_8437.wav,0,4.6899395
C:\Users\alina\Desktop\Capstone Project\segmented_audio\nn01a_20181004_000000_segment_8197.wav,0,4.849102
C:\Users\alina\Desktop\Capstone Project\segmented_audio\nn01a_20181006_000000_segment_8467.wav,0,4.757232
C:\Users\alina\Desktop\Capstone Project\segmented_audio\nn01a_20181001_000000_segment_7376.wav,0,4.772381
C:\Users\alina\Desktop\Capstone Project\segmented_audio\nn01a_20181004_000000_segment_8306.wav,0,4.752465
C:\Users\alina\Desktop\Capstone Project\segmented_audio\nn01a_20181006_000000_segment_8458.wav,0,4.745098
C:\Users\alina\Desktop\Capstone Project\segmented_audio\nn01a_20181006_000000_segment_8567.wav,0,4.67029
C:\Users\alina\Desktop\Capstone Project\segmented_audio\nn01a_20181003_000000_segment_7712.wav,0,4.82847
C:\Users\alina\Desktop\Capstone Project\segmented_audio\nn01a_20181001_000000_segment_7367.wav,0,4.784293
C:\Users\alina\Desktop\Capstone Project\segmented_audio\nn01a_20181006_000000_segment_8472.wav,0,4.7084413
C:\Users\alina\Desktop\Capstone Project\segmented_audio\nn01a_20181004_000000_segment_8111.wav,0,4.7383633
C:\Users\alina\Desktop\Capstone Project\segmented_audio\nn01a_20181006_000000_segment_8469.wav,0,4.719097
C:\Users\alina\Desktop\Capstone Project\segmented_audio\nn01a_20181004_000000_segment_8278.wav,0,4.7614236
C:\Users\alina\Desktop\Capstone Project\segmented_audio\nn01a_20181004_000000_segment_8286.wav,0,4.7767153
C:\Users\alina\Desktop\Capstone Project\segmented_audio\nn01a_20181003_000000_segment_7710.wav,0,4.801106
C:\Users\alina\Desktop\Capstone Project\segmented_audio\nn01a_20181004_000000_segment_8271.wav,0,4.8380957
C:\Users\alina\Desktop\Capstone Project\segmented_audio\nn01a_20181006_000000_segment_8519.wav,0,4.6304617
C:\Users\alina\Desktop\Capstone Project\segmented_audio\nn01a_20181004_000000_segment_8249.wav,0,4.8045454
C:\Users\alina\Desktop\Capstone Project\segmented_audio\nn01a_20181006_000000_segment_8425.wav,0,4.7108703
C:\Users\alina\Desktop\Capstone Project\segmented_audio\nn01a_20181006_000000_segment_8471.wav,0,4.7203526
C:\Users\alina\Desktop\Capstone Project\segmented_audio\nn01a_20181006_000000_segment_8433.wav,0,4.7018275
C:\Users\alina\Desktop\Capstone Project\segmented_audio\nn01a_20181004_000000_segment_8258.wav,0,4.8078914
C:\Users\alina\Desktop\Capstone Project\segmented_audio\nn01a_20181003_000000_segment_8025.wav,0,4.6941175
C:\Users\alina\Desktop\Capstone Project\segmented_audio\nn01a_20181002_000000_segment_7826.wav,0,4.8316793
C:\Users\alina\Desktop\Capstone Project\segmented_audio\nn01a_20181006_000000_segment_8423.wav,0,4.7231584
C:\Users\alina\Desktop\Capstone Project\segmented_audio\nn01a_20181004_000000_segment_8241.wav,0,4.869951
C:\Users\alina\Desktop\Capstone Project\segmented_audio\nn01a_20181004_000000_segment_8094.wav,0,4.7919183
C:\Users\alina\Desktop\Capstone Project\segmented_audio\nn01a_20181006_000000_segment_8463.wav,0,4.751916
C:\Users\alina\Desktop\Capstone Project\segmented_audio\nn01a_20181004_000000_segment_8102.wav,0,4.7263956
C:\Users\alina\Desktop\Capstone Project\segmented_audio\nn01a_20181004_000000_segment_8135.wav,0,4.726728
C:\Users\alina\Desktop\Capstone Project\segmented_audio\nn01a_20181003_000000_segment_8198.wav,0,4.6911135
C:\Users\alina\Desktop\Capstone Project\segmented_audio\nn01a_20181006_000000_segment_8533.wav,0,4.6670537
C:\Users\alina\Desktop\Capstone Project\segmented_audio\nn01a_20181004_000000_segment_8454.wav,0,4.772728
C:\Users\alina\Desktop\Capstone Project\segmented_audio\nn01a_20181004_000000_segment_8099.wav,0,4.7140884
C:\Users\alina\Desktop\Capstone Project\segmented_audio\nn01a_20181004_000000_segment_8272.wav,0,4.842776
C:\Users\alina\Desktop\Capstone Project\segmented_audio\nn01a_20181002_000000_segment_7975.wav,0,4.8304005
C:\Users\alina\Desktop\Capstone Project\segmented_audio\nn01a_20181004_000000_segment_8073.wav,0,4.7804155
C:\Users\alina\Desktop\Capstone Project\segmented_audio\nn01a_20181004_000000_segment_8438.wav,0,4.75018
C:\Users\alina\Desktop\Capstone Project\segmented_audio\nn01a_20181004_000000_segment_8060.wav,0,4.7363696
C:\Users\alina\Desktop\Capstone Project\segmented_audio\nn01a_20181004_000000_segment_8207.wav,0,4.8512735
C:\Users\alina\Desktop\Capstone Project\segmented_audio\nn01a_20181003_000000_segment_8415.wav,0,4.7234707
C:\Users\alina\Desktop\Capstone Project\segmented_audio\nn01a_20181006_000000_segment_8470.wav,0,4.7263627
C:\Users\alina\Desktop\Capstone Project\segmented_audio\nn01a_20181002_000000_segment_7982.wav,0,4.855425
C:\Users\alina\Desktop\Capstone Project\segmented_audio\nn01a_20181006_000000_segment_8475.wav,0,4.7060947
C:\Users\alina\Desktop\Capstone Project\segmented_audio\nn01a_20181002_000000_segment_7769.wav,0,4.8540764
C:\Users\alina\Desktop\Capstone Project\segmented_audio\nn01a_20181004_000000_segment_8406.wav,0,4.735206
C:\Users\alina\Desktop\Capstone Project\segmented_audio\nn01a_20181004_000000_segment_8260.wav,0,4.8181725
C:\Users\alina\Desktop\Capstone Project\segmented_audio\nn01a_20181003_000000_segment_7696.wav,0,4.819172
C:\Users\alina\Desktop\Capstone Project\segmented_audio\nn01a_20181002_000000_segment_7989.wav,0,4.881061
C:\Users\alina\Desktop\Capstone Project\segmented_audio\nn01a_20181004_000000_segment_8251.wav,0,4.794774
C:\Users\alina\Desktop\Capstone Project\segmented_audio\nn01a_20181006_000000_segment_8524.wav,0,4.677456
C:\Users\alina\Desktop\Capstone Project\segmented_audio\nn01a_20181006_000000_segment_8455.wav,0,4.7458076
C:\Users\alina\Desktop\Capstone Project\segmented_audio\nn01a_20181004_000000_segment_8130.wav,0,4.794043
C:\Users\alina\Desktop\Capstone Project\segmented_audio\nn01a_20181006_000000_segment_8522.wav,0,4.704973
C:\Users\alina\Desktop\Capstone Project\segmented_audio\nn01a_20181002_000000_segment_7825.wav,0,4.8338976
C:\Users\alina\Desktop\Capstone Project\segmented_audio\nn01a_20181006_000000_segment_8412.wav,0,4.6825023
C:\Users\alina\Desktop\Capstone Project\segmented_audio\nn01a_20181003_000000_segment_8406.wav,0,4.7254763
C:\Users\alina\Desktop\Capstone Project\segmented_audio\nn01a_20181006_000000_segment_8473.wav,0,4.7247868
C:\Users\alina\Desktop\Capstone Project\segmented_audio\nn01a_20181006_000000_segment_8431.wav,0,4.708481
C:\Users\alina\Desktop\Capstone Project\segmented_audio\nn01a_20181004_000000_segment_8157.wav,0,4.8220186
C:\Users\alina\Desktop\Capstone Project\segmented_audio\nn01a_20181004_000000_segment_8433.wav,0,4.768561
C:\Users\alina\Desktop\Capstone Project\segmented_audio\nn01a_20181003_000000_segment_8172.wav,0,4.616634
C:\Users\alina\Desktop\Capstone Project\segmented_audio\nn01a_20181004_000000_segment_8448.wav,0,4.741229
C:\Users\alina\Desktop\Capstone Project\segmented_audio\nn01a_20181004_000000_segment_8243.wav,0,4.8596344
C:\Users\alina\Desktop\Capstone Project\segmented_audio\nn01a_20181006_000000_segment_8434.wav,0,4.720165
C:\Users\alina\Desktop\Capstone Project\segmented_audio\nn01a_20181003_000000_segment_7709.wav,0,4.7876854
C:\Users\alina\Desktop\Capstone Project\segmented_audio\nn01a_20181003_000000_segment_8106.wav,0,4.647151
C:\Users\alina\Desktop\Capstone Project\segmented_audio\nn01a_20181003_000000_segment_7802.wav,0,4.6395645
C:\Users\alina\Desktop\Capstone Project\segmented_audio\nn01a_20181006_000000_segment_8527.wav,0,4.68082
C:\Users\alina\Desktop\Capstone Project\segmented_audio\nn01a_20181001_000000_segment_7372.wav,0,4.7720976
C:\Users\alina\Desktop\Capstone Project\segmented_audio\nn01a_20181001_000000_segment_5343.wav,1,1.6732221
C:\Users\alina\Desktop\Capstone Project\segmented_audio\nn01a_20181009_000000_segment_5573.wav,1,1.3436921
C:\Users\alina\Desktop\Capstone Project\segmented_audio\nn01a_20181009_000000_segment_4259.wav,1,2.0679407
C:\Users\alina\Desktop\Capstone Project\segmented_audio\nn01a_20181009_000000_segment_5595.wav,1,1.4441272
C:\Users\alina\Desktop\Capstone Project\segmented_audio\nn01a_20181009_000000_segment_5427.wav,1,1.422334
C:\Users\alina\Desktop\Capstone Project\segmented_audio\nn01a_20181009_000000_segment_5591.wav,1,1.3395574
C:\Users\alina\Desktop\Capstone Project\segmented_audio\nn01a_20181009_000000_segment_4420.wav,1,2.6303792
C:\Users\alina\Desktop\Capstone Project\segmented_audio\nn01a_20181009_000000_segment_5568.wav,1,1.3798988
C:\Users\alina\Desktop\Capstone Project\segmented_audio\nn01a_20181009_000000_segment_4443.wav,1,1.754484
C:\Users\alina\Desktop\Capstone Project\segmented_audio\nn01a_20181009_000000_segment_4646.wav,1,2.1085846
C:\Users\alina\Desktop\Capstone Project\segmented_audio\nn01a_20181009_000000_segment_5625.wav,1,1.3612163
C:\Users\alina\Desktop\Capstone Project\segmented_audio\nn01a_20181009_000000_segment_5399.wav,1,1.7357595
C:\Users\alina\Desktop\Capstone Project\segmented_audio\nn01a_20181001_000000_segment_5782.wav,1,1.7051548
C:\Users\alina\Desktop\Capstone Project\segmented_audio\nn01a_20181009_000000_segment_5068.wav,1,2.7446246
C:\Users\alina\Desktop\Capstone Project\segmented_audio\nn01a_20181009_000000_segment_5400.wav,1,1.5166656
C:\Users\alina\Desktop\Capstone Project\segmented_audio\nn01a_20181002_000000_segment_4682.wav,1,3.5152283
C:\Users\alina\Desktop\Capstone Project\segmented_audio\nn01a_20181002_000000_segment_4729.wav,1,1.483963
C:\Users\alina\Desktop\Capstone Project\segmented_audio\nn01a_20181001_000000_segment_5752.wav,1,1.5612514
C:\Users\alina\Desktop\Capstone Project\segmented_audio\nn01a_20181009_000000_segment_5452.wav,1,1.3155046
C:\Users\alina\Desktop\Capstone Project\segmented_audio\nn01a_20181009_000000_segment_5558.wav,1,1.833817
C:\Users\alina\Desktop\Capstone Project\segmented_audio\nn01a_20181009_000000_segment_5329.wav,1,1.3136086
C:\Users\alina\Desktop\Capstone Project\segmented_audio\nn01a_20181002_000000_segment_4659.wav,1,2.416388
C:\Users\alina\Desktop\Capstone Project\segmented_audio\nn01a_20181009_000000_segment_5622.wav,1,1.3949767
C:\Users\alina\Desktop\Capstone Project\segmented_audio\nn01a_20181009_000000_segment_4792.wav,1,1.6498785
C:\Users\alina\Desktop\Capstone Project\segmented_audio\nn01a_20181009_000000_segment_5272.wav,1,2.5477438
C:\Users\alina\Desktop\Capstone Project\segmented_audio\nn01a_20181009_000000_segment_5071.wav,1,2.269798
C:\Users\alina\Desktop\Capstone Project\segmented_audio\nn01a_20181002_000000_segment_4736.wav,1,2.0354931
C:\Users\alina\Desktop\Capstone Project\segmented_audio\nn01a_20181009_000000_segment_5215.wav,1,1.431979
C:\Users\alina\Desktop\Capstone Project\segmented_audio\nn01a_20181009_000000_segment_4714.wav,1,1.6754675
C:\Users\alina\Desktop\Capstone Project\segmented_audio\nn01a_20181009_000000_segment_5401.wav,1,1.4831007
C:\Users\alina\Desktop\Capstone Project\segmented_audio\nn01a_20181009_000000_segment_5685.wav,1,1.5979443
C:\Users\alina\Desktop\Capstone Project\segmented_audio\nn01a_20181009_000000_segment_5067.wav,1,3.0273757
C:\Users\alina\Desktop\Capstone Project\segmented_audio\nn01a_20181009_000000_segment_5187.wav,1,2.1912637
C:\Users\alina\Desktop\Capstone Project\segmented_audio\nn01a_20181009_000000_segment_5192.wav,1,1.5282874
C:\Users\alina\Desktop\Capstone Project\segmented_audio\nn01a_20181009_000000_segment_5325.wav,1,1.414325
C:\Users\alina\Desktop\Capstone Project\segmented_audio\nn01a_20181001_000000_segment_5356.wav,1,1.9668795
C:\Users\alina\Desktop\Capstone Project\segmented_audio\nn01a_20181002_000000_segment_5042.wav,1,1.5733026
C:\Users\alina\Desktop\Capstone Project\segmented_audio\nn01a_20181009_000000_segment_4650.wav,1,1.565595
C:\Users\alina\Desktop\Capstone Project\segmented_audio\nn01a_20181002_000000_segment_4943.wav,1,2.147987
C:\Users\alina\Desktop\Capstone Project\segmented_audio\nn01a_20181002_000000_segment_5014.wav,1,2.1378734
C:\Users\alina\Desktop\Capstone Project\segmented_audio\nn01a_20181009_000000_segment_5557.wav,1,1.8346164
C:\Users\alina\Desktop\Capstone Project\segmented_audio\nn01a_20181009_000000_segment_3904.wav,1,1.6442355
C:\Users\alina\Desktop\Capstone Project\segmented_audio\nn01a_20181009_000000_segment_4034.wav,1,1.5205789
C:\Users\alina\Desktop\Capstone Project\segmented_audio\nn01a_20181003_000000_segment_4527.wav,1,3.188777
C:\Users\alina\Desktop\Capstone Project\segmented_audio\nn01a_20181009_000000_segment_5282.wav,1,1.3311974
C:\Users\alina\Desktop\Capstone Project\segmented_audio\nn01a_20181009_000000_segment_5018.wav,1,1.8013134
C:\Users\alina\Desktop\Capstone Project\segmented_audio\nn01a_20181009_000000_segment_4642.wav,1,1.5085436
C:\Users\alina\Desktop\Capstone Project\segmented_audio\nn01a_20181002_000000_segment_4770.wav,1,1.9372541
C:\Users\alina\Desktop\Capstone Project\segmented_audio\nn01a_20181009_000000_segment_4580.wav,1,1.4487637
C:\Users\alina\Desktop\Capstone Project\segmented_audio\nn01a_20181009_000000_segment_3906.wav,1,1.5948846
C:\Users\alina\Desktop\Capstone Project\segmented_audio\nn01a_20181002_000000_segment_4796.wav,1,1.4804022
C:\Users\alina\Desktop\Capstone Project\segmented_audio\nn01a_20181002_000000_segment_5013.wav,1,1.7522291
C:\Users\alina\Desktop\Capstone Project\segmented_audio\nn01a_20181009_000000_segment_5508.wav,1,1.2813485
C:\Users\alina\Desktop\Capstone Project\segmented_audio\nn01a_20181009_000000_segment_4568.wav,1,1.5265045
C:\Users\alina\Desktop\Capstone Project\segmented_audio\nn01a_20181009_000000_segment_4441.wav,1,1.8318095
C:\Users\alina\Desktop\Capstone Project\segmented_audio\nn01a_20181009_000000_segment_4444.wav,1,1.4756069
C:\Users\alina\Desktop\Capstone Project\segmented_audio\nn01a_20181009_000000_segment_5505.wav,1,1.38204
C:\Users\alina\Desktop\Capstone Project\segmented_audio\nn01a_20181001_000000_segment_5710.wav,1,1.835294
C:\Users\alina\Desktop\Capstone Project\segmented_audio\nn01a_20181001_000000_segment_5751.wav,1,1.6375704
C:\Users\alina\Desktop\Capstone Project\segmented_audio\nn01a_20181009_000000_segment_4964.wav,1,1.4964573
C:\Users\alina\Desktop\Capstone Project\segmented_audio\nn01a_20181009_000000_segment_5556.wav,1,1.63065
C:\Users\alina\Desktop\Capstone Project\segmented_audio\nn01a_20181001_000000_segment_5770.wav,1,2.0183465
C:\Users\alina\Desktop\Capstone Project\segmented_audio\nn01a_20181004_000000_segment_5046.wav,1,1.8918947
C:\Users\alina\Desktop\Capstone Project\segmented_audio\nn01a_20181009_000000_segment_4498.wav,1,1.9449918
C:\Users\alina\Desktop\Capstone Project\segmented_audio\nn01a_20181009_000000_segment_5574.wav,1,1.3258618
C:\Users\alina\Desktop\Capstone Project\segmented_audio\nn01a_20181002_000000_segment_4957.wav,1,2.0935366
C:\Users\alina\Desktop\Capstone Project\segmented_audio\nn01a_20181009_000000_segment_4660.wav,1,1.4613441
C:\Users\alina\Desktop\Capstone Project\segmented_audio\nn01a_20181001_000000_segment_4888.wav,1,1.8912709
C:\Users\alina\Desktop\Capstone Project\segmented_audio\nn01a_20181009_000000_segment_5009.wav,1,2.7546628
C:\Users\alina\Desktop\Capstone Project\segmented_audio\nn01a_20181009_000000_segment_3900.wav,1,1.4776342
C:\Users\alina\Desktop\Capstone Project\segmented_audio\nn01a_20181002_000000_segment_5040.wav,1,1.4095373
C:\Users\alina\Desktop\Capstone Project\segmented_audio\nn01a_20181009_000000_segment_5082.wav,1,2.5406995
C:\Users\alina\Desktop\Capstone Project\segmented_audio\nn01a_20181002_000000_segment_4878.wav,1,1.6428169
C:\Users\alina\Desktop\Capstone Project\segmented_audio\nn01a_20181009_000000_segment_5196.wav,1,3.2272394
C:\Users\alina\Desktop\Capstone Project\segmented_audio\nn01a_20181009_000000_segment_4747.wav,1,1.8422718
C:\Users\alina\Desktop\Capstone Project\segmented_audio\nn01a_20181009_000000_segment_5428.wav,1,1.4130335
C:\Users\alina\Desktop\Capstone Project\segmented_audio\nn01a_20181009_000000_segment_5626.wav,1,1.3211285
C:\Users\alina\Desktop\Capstone Project\segmented_audio\nn01a_20181009_000000_segment_5402.wav,1,1.4542656
C:\Users\alina\Desktop\Capstone Project\segmented_audio\nn01a_20181009_000000_segment_5572.wav,1,1.2914896
C:\Users\alina\Desktop\Capstone Project\segmented_audio\nn01a_20181009_000000_segment_5251.wav,1,1.3251317
C:\Users\alina\Desktop\Capstone Project\segmented_audio\nn01a_20181009_000000_segment_4508.wav,1,1.8859931
C:\Users\alina\Desktop\Capstone Project\segmented_audio\nn01a_20181009_000000_segment_4538.wav,1,2.0904546
C:\Users\alina\Desktop\Capstone Project\segmented_audio\nn01a_20181009_000000_segment_4536.wav,1,1.8150294
C:\Users\alina\Desktop\Capstone Project\segmented_audio\nn01a_20181004_000000_segment_5160.wav,1,1.754566
C:\Users\alina\Desktop\Capstone Project\segmented_audio\nn01a_20181002_000000_segment_4723.wav,1,2.3937225
C:\Users\alina\Desktop\Capstone Project\segmented_audio\nn01a_20181009_000000_segment_5190.wav,1,1.5123343
C:\Users\alina\Desktop\Capstone Project\segmented_audio\nn01a_20181002_000000_segment_4791.wav,1,1.3155994
C:\Users\alina\Desktop\Capstone Project\segmented_audio\nn01a_20181009_000000_segment_5628.wav,1,1.2905983
C:\Users\alina\Desktop\Capstone Project\segmented_audio\nn01a_20181005_000000_segment_5331.wav,1,1.3479729
C:\Users\alina\Desktop\Capstone Project\segmented_audio\nn01a_20181001_000000_segment_5314.wav,1,2.2692823
C:\Users\alina\Desktop\Capstone Project\segmented_audio\nn01a_20181001_000000_segment_5772.wav,1,1.8215804
C:\Users\alina\Desktop\Capstone Project\segmented_audio\nn01a_20181009_000000_segment_5250.wav,1,1.3548759
C:\Users\alina\Desktop\Capstone Project\segmented_audio\nn01a_20181009_000000_segment_4524.wav,1,2.081475
C:\Users\alina\Desktop\Capstone Project\segmented_audio\nn01a_20181002_000000_segment_4484.wav,1,1.647659
C:\Users\alina\Desktop\Capstone Project\segmented_audio\nn01a_20181002_000000_segment_5045.wav,1,1.8565704
C:\Users\alina\Desktop\Capstone Project\segmented_audio\nn01a_20181005_000000_segment_4676.wav,1,2.153271
C:\Users\alina\Desktop\Capstone Project\segmented_audio\nn01a_20181009_000000_segment_5575.wav,1,1.3251219
C:\Users\alina\Desktop\Capstone Project\segmented_audio\nn01a_20181009_000000_segment_5310.wav,1,1.3167851
C:\Users\alina\Desktop\Capstone Project\segmented_audio\nn01a_20181002_000000_segment_4939.wav,1,2.3014023
C:\Users\alina\Desktop\Capstone Project\segmented_audio\nn01a_20181009_000000_segment_5590.wav,1,1.3794881
C:\Users\alina\Desktop\Capstone Project\segmented_audio\nn01a_20180930_000000_segment_5439.wav,2,5.699836
C:\Users\alina\Desktop\Capstone Project\segmented_audio\nn01a_20180930_000000_segment_5429.wav,2,5.730864
C:\Users\alina\Desktop\Capstone Project\segmented_audio\nn01a_20180930_000000_segment_5514.wav,2,5.753133
C:\Users\alina\Desktop\Capstone Project\segmented_audio\nn01a_20180930_000000_segment_5516.wav,2,5.755582
C:\Users\alina\Desktop\Capstone Project\segmented_audio\nn01a_20180930_000000_segment_5515.wav,2,5.7493997
C:\Users\alina\Desktop\Capstone Project\segmented_audio\nn01a_20180930_000000_segment_5409.wav,2,5.7456374
C:\Users\alina\Desktop\Capstone Project\segmented_audio\nn01a_20180930_000000_segment_5161.wav,2,5.7887545
C:\Users\alina\Desktop\Capstone Project\segmented_audio\nn01a_20180930_000000_segment_5414.wav,2,5.74222
C:\Users\alina\Desktop\Capstone Project\segmented_audio\nn01a_20180930_000000_segment_5423.wav,2,5.755928
C:\Users\alina\Desktop\Capstone Project\segmented_audio\nn01a_20180930_000000_segment_5440.wav,2,5.6509914
C:\Users\alina\Desktop\Capstone Project\segmented_audio\nn01a_20180930_000000_segment_5518.wav,2,5.7629194
C:\Users\alina\Desktop\Capstone Project\segmented_audio\nn01a_20180930_000000_segment_5519.wav,2,5.7775326
C:\Users\alina\Desktop\Capstone Project\segmented_audio\nn01a_20180930_000000_segment_5431.wav,2,5.6519694
C:\Users\alina\Desktop\Capstone Project\segmented_audio\nn01a_20180930_000000_segment_5450.wav,2,5.719942
C:\Users\alina\Desktop\Capstone Project\segmented_audio\nn01a_20180930_000000_segment_5665.wav,2,5.7315993
C:\Users\alina\Desktop\Capstone Project\segmented_audio\nn01a_20180930_000000_segment_4912.wav,2,5.618436
C:\Users\alina\Desktop\Capstone Project\segmented_audio\nn01a_20180930_000000_segment_5517.wav,2,5.7540264
C:\Users\alina\Desktop\Capstone Project\segmented_audio\nn01a_20180930_000000_segment_5449.wav,2,5.7395988
C:\Users\alina\Desktop\Capstone Project\segmented_audio\nn01a_20180930_000000_segment_5674.wav,2,5.5935545
C:\Users\alina\Desktop\Capstone Project\segmented_audio\nn01a_20180930_000000_segment_5646.wav,2,5.7469864
C:\Users\alina\Desktop\Capstone Project\segmented_audio\nn01a_20180930_000000_segment_5639.wav,2,5.759173
C:\Users\alina\Desktop\Capstone Project\segmented_audio\nn01a_20180930_000000_segment_5466.wav,2,5.7041483
C:\Users\alina\Desktop\Capstone Project\segmented_audio\nn01a_20180930_000000_segment_5675.wav,2,5.5459285
C:\Users\alina\Desktop\Capstone Project\segmented_audio\nn01a_20180930_000000_segment_5454.wav,2,5.724977
C:\Users\alina\Desktop\Capstone Project\segmented_audio\nn01a_20180930_000000_segment_5487.wav,2,5.713527
C:\Users\alina\Desktop\Capstone Project\segmented_audio\nn01a_20180930_000000_segment_5441.wav,2,5.707617
C:\Users\alina\Desktop\Capstone Project\segmented_audio\nn01a_20180930_000000_segment_5656.wav,2,5.737898
C:\Users\alina\Desktop\Capstone Project\segmented_audio\nn01a_20180930_000000_segment_5467.wav,2,5.7037954
C:\Users\alina\Desktop\Capstone Project\segmented_audio\nn01a_20180930_000000_segment_5664.wav,2,5.6931257
C:\Users\alina\Desktop\Capstone Project\segmented_audio\nn01a_20180930_000000_segment_5655.wav,2,5.733539
C:\Users\alina\Desktop\Capstone Project\segmented_audio\nn01a_20180930_000000_segment_5455.wav,2,5.7205515
C:\Users\alina\Desktop\Capstone Project\segmented_audio\nn01a_20180930_000000_segment_5424.wav,2,5.742778
C:\Users\alina\Desktop\Capstone Project\segmented_audio\nn01a_20180930_000000_segment_5408.wav,2,5.7677717
C:\Users\alina\Desktop\Capstone Project\segmented_audio\nn01a_20180930_000000_segment_5640.wav,2,5.7541966
C:\Users\alina\Desktop\Capstone Project\segmented_audio\nn01a_20180930_000000_segment_5630.wav,2,5.765519
C:\Users\alina\Desktop\Capstone Project\segmented_audio\nn01a_20180930_000000_segment_5661.wav,2,5.7284036
C:\Users\alina\Desktop\Capstone Project\segmented_audio\nn01a_20180930_000000_segment_4842.wav,2,5.7903137
C:\Users\alina\Desktop\Capstone Project\segmented_audio\nn01a_20180930_000000_segment_5456.wav,2,5.7615294
C:\Users\alina\Desktop\Capstone Project\segmented_audio\nn01a_20180930_000000_segment_5631.wav,2,5.745116
C:\Users\alina\Desktop\Capstone Project\segmented_audio\nn01a_20180930_000000_segment_5410.wav,2,5.7438173
C:\Users\alina\Desktop\Capstone Project\segmented_audio\nn01a_20180930_000000_segment_5451.wav,2,5.712641
C:\Users\alina\Desktop\Capstone Project\segmented_audio\nn01a_20180930_000000_segment_5442.wav,2,5.718814
C:\Users\alina\Desktop\Capstone Project\segmented_audio\nn01a_20180930_000000_segment_5504.wav,2,5.583313
C:\Users\alina\Desktop\Capstone Project\segmented_audio\nn01a_20180930_000000_segment_5474.wav,2,5.713901
C:\Users\alina\Desktop\Capstone Project\segmented_audio\nn01a_20180930_000000_segment_5447.wav,2,5.706025
C:\Users\alina\Desktop\Capstone Project\segmented_audio\nn01a_20180930_000000_segment_5500.wav,2,5.709439
C:\Users\alina\Desktop\Capstone Project\segmented_audio\nn01a_20180930_000000_segment_5662.wav,2,5.7234154
C:\Users\alina\Desktop\Capstone Project\segmented_audio\nn01a_20180930_000000_segment_5660.wav,2,5.7189946
C:\Users\alina\Desktop\Capstone Project\segmented_audio\nn01a_20180930_000000_segment_5448.wav,2,5.763012
C:\Users\alina\Desktop\Capstone Project\segmented_audio\nn01a_20180930_000000_segment_5503.wav,2,5.7381797
C:\Users\alina\Desktop\Capstone Project\segmented_audio\nn01a_20180930_000000_segment_5452.wav,2,5.738102
C:\Users\alina\Desktop\Capstone Project\segmented_audio\nn01a_20180930_000000_segment_4911.wav,2,5.628089
C:\Users\alina\Desktop\Capstone Project\segmented_audio\nn01a_20180930_000000_segment_5457.wav,2,5.795899
C:\Users\alina\Desktop\Capstone Project\segmented_audio\nn01a_20180930_000000_segment_5427.wav,2,5.7174273
C:\Users\alina\Desktop\Capstone Project\segmented_audio\nn01a_20180930_000000_segment_4853.wav,2,5.787073
C:\Users\alina\Desktop\Capstone Project\segmented_audio\nn01a_20180930_000000_segment_5475.wav,2,5.702776
C:\Users\alina\Desktop\Capstone Project\segmented_audio\nn01a_20180930_000000_segment_5118.wav,2,5.786978
C:\Users\alina\Desktop\Capstone Project\segmented_audio\nn01a_20180930_000000_segment_5453.wav,2,5.732774
C:\Users\alina\Desktop\Capstone Project\segmented_audio\nn01a_20180930_000000_segment_4913.wav,2,5.6602135
C:\Users\alina\Desktop\Capstone Project\segmented_audio\nn01a_20180930_000000_segment_5666.wav,2,5.718446
C:\Users\alina\Desktop\Capstone Project\segmented_audio\nn01a_20180930_000000_segment_5415.wav,2,5.737276
C:\Users\alina\Desktop\Capstone Project\segmented_audio\nn01a_20180930_000000_segment_5499.wav,2,5.708706
C:\Users\alina\Desktop\Capstone Project\segmented_audio\nn01a_20180930_000000_segment_5479.wav,2,5.6915846
C:\Users\alina\Desktop\Capstone Project\segmented_audio\nn01a_20180930_000000_segment_5157.wav,2,5.799348
C:\Users\alina\Desktop\Capstone Project\segmented_audio\nn01a_20180930_000000_segment_5443.wav,2,5.369524
C:\Users\alina\Desktop\Capstone Project\segmented_audio\nn01a_20180930_000000_segment_5641.wav,2,5.759099
C:\Users\alina\Desktop\Capstone Project\segmented_audio\nn01a_20180930_000000_segment_5645.wav,2,5.7356644
C:\Users\alina\Desktop\Capstone Project\segmented_audio\nn01a_20180930_000000_segment_4847.wav,2,5.7921724
C:\Users\alina\Desktop\Capstone Project\segmented_audio\nn01a_20180930_000000_segment_5458.wav,2,5.710438
C:\Users\alina\Desktop\Capstone Project\segmented_audio\nn01a_20180930_000000_segment_5659.wav,2,5.7349043
C:\Users\alina\Desktop\Capstone Project\segmented_audio\nn01a_20180930_000000_segment_5657.wav,2,5.7487288
C:\Users\alina\Desktop\Capstone Project\segmented_audio\nn01a_20180930_000000_segment_4843.wav,2,5.7834377
C:\Users\alina\Desktop\Capstone Project\segmented_audio\nn01a_20180930_000000_segment_5647.wav,2,5.1748724
C:\Users\alina\Desktop\Capstone Project\segmented_audio\nn01a_20180930_000000_segment_5477.wav,2,5.695059
C:\Users\alina\Desktop\Capstone Project\segmented_audio\nn01a_20180930_000000_segment_5444.wav,2,5.7186613
C:\Users\alina\Desktop\Capstone Project\segmented_audio\nn01a_20180930_000000_segment_5663.wav,2,5.7246175
C:\Users\alina\Desktop\Capstone Project\segmented_audio\nn01a_20180930_000000_segment_5468.wav,2,5.6934166
C:\Users\alina\Desktop\Capstone Project\segmented_audio\nn01a_20180930_000000_segment_5642.wav,2,5.768255
C:\Users\alina\Desktop\Capstone Project\segmented_audio\nn01a_20180930_000000_segment_5644.wav,2,5.752301
C:\Users\alina\Desktop\Capstone Project\segmented_audio\nn01a_20180930_000000_segment_5488.wav,2,5.726506
C:\Users\alina\Desktop\Capstone Project\segmented_audio\nn01a_20180930_000000_segment_5480.wav,2,5.704972
C:\Users\alina\Desktop\Capstone Project\segmented_audio\nn01a_20180930_000000_segment_5673.wav,2,5.649059
C:\Users\alina\Desktop\Capstone Project\segmented_audio\nn01a_20180930_000000_segment_5651.wav,2,5.7336025
C:\Users\alina\Desktop\Capstone Project\segmented_audio\nn01a_20180930_000000_segment_5445.wav,2,5.7298937
C:\Users\alina\Desktop\Capstone Project\segmented_audio\nn01a_20180930_000000_segment_5391.wav,2,5.772709
C:\Users\alina\Desktop\Capstone Project\segmented_audio\nn01a_20180930_000000_segment_5653.wav,2,5.788949
C:\Users\alina\Desktop\Capstone Project\segmented_audio\nn01a_20180930_000000_segment_5446.wav,2,5.7118764
C:\Users\alina\Desktop\Capstone Project\segmented_audio\nn01a_20180930_000000_segment_5476.wav,2,5.690724
C:\Users\alina\Desktop\Capstone Project\segmented_audio\nn01a_20180930_000000_segment_5388.wav,2,5.793341
C:\Users\alina\Desktop\Capstone Project\segmented_audio\nn01a_20180930_000000_segment_5481.wav,2,5.7166758
C:\Users\alina\Desktop\Capstone Project\segmented_audio\nn01a_20180930_000000_segment_5478.wav,2,5.7056293
C:\Users\alina\Desktop\Capstone Project\segmented_audio\nn01a_20180930_000000_segment_5502.wav,2,5.7282124
C:\Users\alina\Desktop\Capstone Project\segmented_audio\nn01a_20180930_000000_segment_5473.wav,2,5.6967278
C:\Users\alina\Desktop\Capstone Project\segmented_audio\nn01a_20180930_000000_segment_5677.wav,2,5.5719995
C:\Users\alina\Desktop\Capstone Project\segmented_audio\nn01a_20180930_000000_segment_4834.wav,2,5.8317447
C:\Users\alina\Desktop\Capstone Project\segmented_audio\nn01a_20181006_000000_segment_49.wav,2,3.42803
C:\Users\alina\Desktop\Capstone Project\segmented_audio\nn01a_20180930_000000_segment_5426.wav,2,5.7481275
C:\Users\alina\Desktop\Capstone Project\segmented_audio\nn01a_20180930_000000_segment_5425.wav,2,5.7402544
C:\Users\alina\Desktop\Capstone Project\segmented_audio\nn01a_20180930_000000_segment_5386.wav,2,5.7607517
C:\Users\alina\Desktop\Capstone Project\segmented_audio\nn01a_20180930_000000_segment_5498.wav,2,5.713041
C:\Users\alina\Desktop\Capstone Project\segmented_audio\nn01a_20181003_000000_segment_2425.wav,3,3.3022552
C:\Users\alina\Desktop\Capstone Project\segmented_audio\nn01a_20180929_000000_segment_6014.wav,3,3.918663
C:\Users\alina\Desktop\Capstone Project\segmented_audio\nn01a_20181009_000000_segment_6154.wav,3,2.4496756
C:\Users\alina\Desktop\Capstone Project\segmented_audio\nn01a_20181005_000000_segment_5190.wav,3,3.70069
C:\Users\alina\Desktop\Capstone Project\segmented_audio\nn01a_20181009_000000_segment_6178.wav,3,2.5350044
C:\Users\alina\Desktop\Capstone Project\segmented_audio\nn01a_20181009_000000_segment_6128.wav,3,2.4177365
C:\Users\alina\Desktop\Capstone Project\segmented_audio\nn01a_20181002_000000_segment_6211.wav,3,2.6290703
C:\Users\alina\Desktop\Capstone Project\segmented_audio\nn01a_20181009_000000_segment_6190.wav,3,2.472251
C:\Users\alina\Desktop\Capstone Project\segmented_audio\nn01a_20181003_000000_segment_2421.wav,3,3.5127463
C:\Users\alina\Desktop\Capstone Project\segmented_audio\nn01a_20181003_000000_segment_2607.wav,3,3.0412436
C:\Users\alina\Desktop\Capstone Project\segmented_audio\nn01a_20181002_000000_segment_6161.wav,3,2.7748764
C:\Users\alina\Desktop\Capstone Project\segmented_audio\nn01a_20180930_000000_segment_2306.wav,3,3.2087119
C:\Users\alina\Desktop\Capstone Project\segmented_audio\nn01a_20180930_000000_segment_2231.wav,3,3.0178075
C:\Users\alina\Desktop\Capstone Project\segmented_audio\nn01a_20181004_000000_segment_6097.wav,3,2.2147057
C:\Users\alina\Desktop\Capstone Project\segmented_audio\nn01a_20181004_000000_segment_6020.wav,3,2.2810192
C:\Users\alina\Desktop\Capstone Project\segmented_audio\nn01a_20181005_000000_segment_2863.wav,3,2.9341311
C:\Users\alina\Desktop\Capstone Project\segmented_audio\nn01a_20181001_000000_segment_6250.wav,3,2.7876158
C:\Users\alina\Desktop\Capstone Project\segmented_audio\nn01a_20181005_000000_segment_2715.wav,3,2.8659632
C:\Users\alina\Desktop\Capstone Project\segmented_audio\nn01a_20181006_000000_segment_3790.wav,3,2.765841
C:\Users\alina\Desktop\Capstone Project\segmented_audio\nn01a_20181003_000000_segment_2386.wav,3,3.2806087
C:\Users\alina\Desktop\Capstone Project\segmented_audio\nn01a_20181002_000000_segment_2143.wav,3,3.0757327
C:\Users\alina\Desktop\Capstone Project\segmented_audio\nn01a_20181005_000000_segment_2865.wav,3,3.047386
C:\Users\alina\Desktop\Capstone Project\segmented_audio\nn01a_20181009_000000_segment_6139.wav,3,2.2568388
C:\Users\alina\Desktop\Capstone Project\segmented_audio\nn01a_20181001_000000_segment_2355.wav,3,3.2474759
C:\Users\alina\Desktop\Capstone Project\segmented_audio\nn01a_20181004_000000_segment_6099.wav,3,2.2123837
C:\Users\alina\Desktop\Capstone Project\segmented_audio\nn01a_20181005_000000_segment_3011.wav,3,2.886714
C:\Users\alina\Desktop\Capstone Project\segmented_audio\nn01a_20181009_000000_segment_6170.wav,3,2.3706312
C:\Users\alina\Desktop\Capstone Project\segmented_audio\nn01a_20181006_000000_segment_3757.wav,3,2.863808
C:\Users\alina\Desktop\Capstone Project\segmented_audio\nn01a_20181001_000000_segment_6251.wav,3,2.7624786
C:\Users\alina\Desktop\Capstone Project\segmented_audio\nn01a_20181009_000000_segment_6094.wav,3,2.3476973
C:\Users\alina\Desktop\Capstone Project\segmented_audio\nn01a_20181005_000000_segment_2513.wav,3,3.1488237
C:\Users\alina\Desktop\Capstone Project\segmented_audio\nn01a_20181004_000000_segment_6131.wav,3,2.1581106
C:\Users\alina\Desktop\Capstone Project\segmented_audio\nn01a_20181005_000000_segment_2776.wav,3,3.0967243
C:\Users\alina\Desktop\Capstone Project\segmented_audio\nn01a_20181004_000000_segment_6025.wav,3,2.3795147
C:\Users\alina\Desktop\Capstone Project\segmented_audio\nn01a_20181005_000000_segment_2528.wav,3,3.1464427
C:\Users\alina\Desktop\Capstone Project\segmented_audio\nn01a_20181003_000000_segment_2773.wav,3,4.4525247
C:\Users\alina\Desktop\Capstone Project\segmented_audio\nn01a_20180929_000000_segment_3468.wav,3,2.9177098
C:\Users\alina\Desktop\Capstone Project\segmented_audio\nn01a_20181004_000000_segment_6096.wav,3,2.1029248
C:\Users\alina\Desktop\Capstone Project\segmented_audio\nn01a_20180929_000000_segment_3465.wav,3,2.9301815
C:\Users\alina\Desktop\Capstone Project\segmented_audio\nn01a_20181009_000000_segment_6156.wav,3,2.405025
C:\Users\alina\Desktop\Capstone Project\segmented_audio\nn01a_20181009_000000_segment_6176.wav,3,2.410458
C:\Users\alina\Desktop\Capstone Project\segmented_audio\nn01a_20180929_000000_segment_3417.wav,3,3.0304828
C:\Users\alina\Desktop\Capstone Project\segmented_audio\nn01a_20181005_000000_segment_2479.wav,3,2.56557
C:\Users\alina\Desktop\Capstone Project\segmented_audio\nn01a_20181004_000000_segment_3219.wav,3,3.0238729
C:\Users\alina\Desktop\Capstone Project\segmented_audio\nn01a_20181005_000000_segment_3018.wav,3,2.8226414
C:\Users\alina\Desktop\Capstone Project\segmented_audio\nn01a_20180929_000000_segment_3418.wav,3,2.9041438
C:\Users\alina\Desktop\Capstone Project\segmented_audio\nn01a_20181005_000000_segment_2069.wav,3,3.1652675
C:\Users\alina\Desktop\Capstone Project\segmented_audio\nn01a_20181006_000000_segment_3787.wav,3,2.856269
C:\Users\alina\Desktop\Capstone Project\segmented_audio\nn01a_20181005_000000_segment_2770.wav,3,3.0981228
C:\Users\alina\Desktop\Capstone Project\segmented_audio\nn01a_20180930_000000_segment_2307.wav,3,3.3119645
C:\Users\alina\Desktop\Capstone Project\segmented_audio\nn01a_20181003_000000_segment_2534.wav,3,3.2002943
C:\Users\alina\Desktop\Capstone Project\segmented_audio\nn01a_20181009_000000_segment_6172.wav,3,2.504877
C:\Users\alina\Desktop\Capstone Project\segmented_audio\nn01a_20181003_000000_segment_2374.wav,3,3.5018475
C:\Users\alina\Desktop\Capstone Project\segmented_audio\nn01a_20181005_000000_segment_2315.wav,3,2.8526769
C:\Users\alina\Desktop\Capstone Project\segmented_audio\nn01a_20181001_000000_segment_2650.wav,3,3.5552626
C:\Users\alina\Desktop\Capstone Project\segmented_audio\nn01a_20181005_000000_segment_2436.wav,3,2.8035862
C:\Users\alina\Desktop\Capstone Project\segmented_audio\nn01a_20181009_000000_segment_3927.wav,3,4.2727284
C:\Users\alina\Desktop\Capstone Project\segmented_audio\nn01a_20180930_000000_segment_2227.wav,3,3.1515634
C:\Users\alina\Desktop\Capstone Project\segmented_audio\nn01a_20181005_000000_segment_2483.wav,3,2.8234425
C:\Users\alina\Desktop\Capstone Project\segmented_audio\nn01a_20181002_000000_segment_2144.wav,3,3.2538013
C:\Users\alina\Desktop\Capstone Project\segmented_audio\nn01a_20181001_000000_segment_2654.wav,3,3.7029462
C:\Users\alina\Desktop\Capstone Project\segmented_audio\nn01a_20181001_000000_segment_2440.wav,3,3.3687577
C:\Users\alina\Desktop\Capstone Project\segmented_audio\nn01a_20181005_000000_segment_2358.wav,3,2.8648741
C:\Users\alina\Desktop\Capstone Project\segmented_audio\nn01a_20181001_000000_segment_2651.wav,3,3.8445926
C:\Users\alina\Desktop\Capstone Project\segmented_audio\nn01a_20181006_000000_segment_3997.wav,3,2.957127
C:\Users\alina\Desktop\Capstone Project\segmented_audio\nn01a_20181004_000000_segment_6073.wav,3,2.0172322
C:\Users\alina\Desktop\Capstone Project\segmented_audio\nn01a_20181001_000000_segment_6182.wav,3,2.720409
C:\Users\alina\Desktop\Capstone Project\segmented_audio\nn01a_20181004_000000_segment_5883.wav,3,2.812891
C:\Users\alina\Desktop\Capstone Project\segmented_audio\nn01a_20181003_000000_segment_2392.wav,3,3.329329
C:\Users\alina\Desktop\Capstone Project\segmented_audio\nn01a_20181009_000000_segment_2690.wav,3,3.2203147
C:\Users\alina\Desktop\Capstone Project\segmented_audio\nn01a_20181006_000000_segment_3694.wav,3,3.1738162
C:\Users\alina\Desktop\Capstone Project\segmented_audio\nn01a_20181009_000000_segment_6135.wav,3,3.2764564
C:\Users\alina\Desktop\Capstone Project\segmented_audio\nn01a_20181005_000000_segment_2705.wav,3,3.0337658
C:\Users\alina\Desktop\Capstone Project\segmented_audio\nn01a_20181005_000000_segment_2373.wav,3,3.2008598
C:\Users\alina\Desktop\Capstone Project\segmented_audio\nn01a_20180929_000000_segment_3436.wav,3,3.1442108
C:\Users\alina\Desktop\Capstone Project\segmented_audio\nn01a_20181006_000000_segment_3758.wav,3,2.873281
C:\Users\alina\Desktop\Capstone Project\segmented_audio\nn01a_20181001_000000_segment_6183.wav,3,2.7971041
C:\Users\alina\Desktop\Capstone Project\segmented_audio\nn01a_20181005_000000_segment_2784.wav,3,3.0535712
C:\Users\alina\Desktop\Capstone Project\segmented_audio\nn01a_20181004_000000_segment_6094.wav,3,2.0837052
C:\Users\alina\Desktop\Capstone Project\segmented_audio\nn01a_20181002_000000_segment_6160.wav,3,2.6496558
C:\Users\alina\Desktop\Capstone Project\segmented_audio\nn01a_20181003_000000_segment_2169.wav,3,3.1258392
C:\Users\alina\Desktop\Capstone Project\segmented_audio\nn01a_20181005_000000_segment_2067.wav,3,3.2457502
C:\Users\alina\Desktop\Capstone Project\segmented_audio\nn01a_20181009_000000_segment_2833.wav,3,3.1812916
C:\Users\alina\Desktop\Capstone Project\segmented_audio\nn01a_20180929_000000_segment_3460.wav,3,2.861256
C:\Users\alina\Desktop\Capstone Project\segmented_audio\nn01a_20181009_000000_segment_6093.wav,3,2.4329472
C:\Users\alina\Desktop\Capstone Project\segmented_audio\nn01a_20181006_000000_segment_3786.wav,3,2.8066761
C:\Users\alina\Desktop\Capstone Project\segmented_audio\nn01a_20181004_000000_segment_6227.wav,3,2.230187
C:\Users\alina\Desktop\Capstone Project\segmented_audio\nn01a_20181005_000000_segment_2056.wav,3,3.213133
C:\Users\alina\Desktop\Capstone Project\segmented_audio\nn01a_20180929_000000_segment_3498.wav,3,3.0431538
C:\Users\alina\Desktop\Capstone Project\segmented_audio\nn01a_20181009_000000_segment_6175.wav,3,2.437408
C:\Users\alina\Desktop\Capstone Project\segmented_audio\nn01a_20180930_000000_segment_2737.wav,3,3.3761191
C:\Users\alina\Desktop\Capstone Project\segmented_audio\nn01a_20181002_000000_segment_2226.wav,3,3.0696273
C:\Users\alina\Desktop\Capstone Project\segmented_audio\nn01a_20181002_000000_segment_2265.wav,3,3.3045247
C:\Users\alina\Desktop\Capstone Project\segmented_audio\nn01a_20180929_000000_segment_3458.wav,3,2.872714
C:\Users\alina\Desktop\Capstone Project\segmented_audio\nn01a_20180930_000000_segment_2062.wav,3,3.1059103
C:\Users\alina\Desktop\Capstone Project\segmented_audio\nn01a_20181002_000000_segment_6234.wav,3,3.6001506
C:\Users\alina\Desktop\Capstone Project\segmented_audio\nn01a_20181003_000000_segment_2383.wav,3,3.6673622
C:\Users\alina\Desktop\Capstone Project\segmented_audio\nn01a_20180929_000000_segment_3475.wav,3,2.9286299
C:\Users\alina\Desktop\Capstone Project\segmented_audio\nn01a_20181009_000000_segment_2755.wav,3,3.2892756
C:\Users\alina\Desktop\Capstone Project\segmented_audio\nn01a_20181006_000000_segment_4031.wav,3,2.7944002
C:\Users\alina\Desktop\Capstone Project\segmented_audio\nn01a_20180929_000000_segment_522.wav,4,4.4561467
C:\Users\alina\Desktop\Capstone Project\segmented_audio\nn01a_20180929_000000_segment_620.wav,4,4.1683874
C:\Users\alina\Desktop\Capstone Project\segmented_audio\nn01a_20180929_000000_segment_644.wav,4,4.42311
C:\Users\alina\Desktop\Capstone Project\segmented_audio\nn01a_20180929_000000_segment_758.wav,4,4.200573
C:\Users\alina\Desktop\Capstone Project\segmented_audio\nn01a_20180929_000000_segment_971.wav,4,4.446292
C:\Users\alina\Desktop\Capstone Project\segmented_audio\nn01a_20180929_000000_segment_642.wav,4,4.323413
C:\Users\alina\Desktop\Capstone Project\segmented_audio\nn01a_20180929_000000_segment_970.wav,4,4.4478016
C:\Users\alina\Desktop\Capstone Project\segmented_audio\nn01a_20180929_000000_segment_969.wav,4,4.394536
C:\Users\alina\Desktop\Capstone Project\segmented_audio\nn01a_20180929_000000_segment_1043.wav,4,4.2423573
C:\Users\alina\Desktop\Capstone Project\segmented_audio\nn01a_20180929_000000_segment_757.wav,4,4.191554
C:\Users\alina\Desktop\Capstone Project\segmented_audio\nn01a_20180929_000000_segment_500.wav,4,4.5178537
C:\Users\alina\Desktop\Capstone Project\segmented_audio\nn01a_20180929_000000_segment_626.wav,4,4.1978188
C:\Users\alina\Desktop\Capstone Project\segmented_audio\nn01a_20180929_000000_segment_623.wav,4,4.178199
C:\Users\alina\Desktop\Capstone Project\segmented_audio\nn01a_20180929_000000_segment_499.wav,4,4.4908724
C:\Users\alina\Desktop\Capstone Project\segmented_audio\nn01a_20180929_000000_segment_488.wav,4,4.5185523
C:\Users\alina\Desktop\Capstone Project\segmented_audio\nn01a_20180929_000000_segment_601.wav,4,4.494237
C:\Users\alina\Desktop\Capstone Project\segmented_audio\nn01a_20180929_000000_segment_629.wav,4,4.2695885
C:\Users\alina\Desktop\Capstone Project\segmented_audio\nn01a_20180929_000000_segment_621.wav,4,4.103313
C:\Users\alina\Desktop\Capstone Project\segmented_audio\nn01a_20180929_000000_segment_968.wav,4,4.2688475
C:\Users\alina\Desktop\Capstone Project\segmented_audio\nn01a_20180929_000000_segment_513.wav,4,4.5097075
C:\Users\alina\Desktop\Capstone Project\segmented_audio\nn01a_20180929_000000_segment_497.wav,4,4.4489384
C:\Users\alina\Desktop\Capstone Project\segmented_audio\nn01a_20180929_000000_segment_933.wav,4,4.2584968
C:\Users\alina\Desktop\Capstone Project\segmented_audio\nn01a_20180929_000000_segment_1562.wav,4,4.119959
C:\Users\alina\Desktop\Capstone Project\segmented_audio\nn01a_20180929_000000_segment_496.wav,4,4.524002
C:\Users\alina\Desktop\Capstone Project\segmented_audio\nn01a_20180929_000000_segment_491.wav,4,4.365395
C:\Users\alina\Desktop\Capstone Project\segmented_audio\nn01a_20180929_000000_segment_1094.wav,4,4.308892
C:\Users\alina\Desktop\Capstone Project\segmented_audio\nn01a_20180929_000000_segment_498.wav,4,4.363557
C:\Users\alina\Desktop\Capstone Project\segmented_audio\nn01a_20180929_000000_segment_1567.wav,4,4.162719
C:\Users\alina\Desktop\Capstone Project\segmented_audio\nn01a_20180929_000000_segment_643.wav,4,4.3976374
C:\Users\alina\Desktop\Capstone Project\segmented_audio\nn01a_20180929_000000_segment_930.wav,4,4.285575
C:\Users\alina\Desktop\Capstone Project\segmented_audio\nn01a_20180929_000000_segment_624.wav,4,4.275053
C:\Users\alina\Desktop\Capstone Project\segmented_audio\nn01a_20180929_000000_segment_862.wav,4,4.236759
C:\Users\alina\Desktop\Capstone Project\segmented_audio\nn01a_20180929_000000_segment_591.wav,4,4.5680075
C:\Users\alina\Desktop\Capstone Project\segmented_audio\nn01a_20180929_000000_segment_599.wav,4,4.4935365
C:\Users\alina\Desktop\Capstone Project\segmented_audio\nn01a_20180929_000000_segment_923.wav,4,4.2359147
C:\Users\alina\Desktop\Capstone Project\segmented_audio\nn01a_20180929_000000_segment_501.wav,4,4.572315
C:\Users\alina\Desktop\Capstone Project\segmented_audio\nn01a_20180929_000000_segment_929.wav,4,4.282612
C:\Users\alina\Desktop\Capstone Project\segmented_audio\nn01a_20180929_000000_segment_756.wav,4,4.219413
C:\Users\alina\Desktop\Capstone Project\segmented_audio\nn01a_20180929_000000_segment_492.wav,4,4.5008216
C:\Users\alina\Desktop\Capstone Project\segmented_audio\nn01a_20180929_000000_segment_972.wav,4,4.1763563
C:\Users\alina\Desktop\Capstone Project\segmented_audio\nn01a_20180929_000000_segment_510.wav,4,4.489904
C:\Users\alina\Desktop\Capstone Project\segmented_audio\nn01a_20180929_000000_segment_604.wav,4,4.532954
C:\Users\alina\Desktop\Capstone Project\segmented_audio\nn01a_20180929_000000_segment_931.wav,4,4.3403883
C:\Users\alina\Desktop\Capstone Project\segmented_audio\nn01a_20180929_000000_segment_747.wav,4,4.1728425
C:\Users\alina\Desktop\Capstone Project\segmented_audio\nn01a_20180929_000000_segment_912.wav,4,4.2225285
C:\Users\alina\Desktop\Capstone Project\segmented_audio\nn01a_20181001_000000_segment_208.wav,4,4.2309966
C:\Users\alina\Desktop\Capstone Project\segmented_audio\nn01a_20180929_000000_segment_597.wav,4,4.4912705
C:\Users\alina\Desktop\Capstone Project\segmented_audio\nn01a_20180929_000000_segment_602.wav,4,4.4570045
C:\Users\alina\Desktop\Capstone Project\segmented_audio\nn01a_20180929_000000_segment_495.wav,4,4.4533772
C:\Users\alina\Desktop\Capstone Project\segmented_audio\nn01a_20180929_000000_segment_512.wav,4,4.5515165
C:\Users\alina\Desktop\Capstone Project\segmented_audio\nn01a_20180929_000000_segment_630.wav,4,4.2895103
C:\Users\alina\Desktop\Capstone Project\segmented_audio\nn01a_20180929_000000_segment_472.wav,4,4.51409
C:\Users\alina\Desktop\Capstone Project\segmented_audio\nn01a_20180929_000000_segment_600.wav,4,4.5751595
C:\Users\alina\Desktop\Capstone Project\segmented_audio\nn01a_20180929_000000_segment_596.wav,4,4.4483624
C:\Users\alina\Desktop\Capstone Project\segmented_audio\nn01a_20180929_000000_segment_598.wav,4,4.430975
C:\Users\alina\Desktop\Capstone Project\segmented_audio\nn01a_20181006_000000_segment_1574.wav,4,4.0797234
C:\Users\alina\Desktop\Capstone Project\segmented_audio\nn01a_20180929_000000_segment_627.wav,4,4.266035
C:\Users\alina\Desktop\Capstone Project\segmented_audio\nn01a_20180929_000000_segment_1049.wav,4,4.0402255
C:\Users\alina\Desktop\Capstone Project\segmented_audio\nn01a_20180929_000000_segment_1095.wav,4,4.2370524
C:\Users\alina\Desktop\Capstone Project\segmented_audio\nn01a_20180929_000000_segment_1008.wav,4,4.5261593
C:\Users\alina\Desktop\Capstone Project\segmented_audio\nn01a_20180929_000000_segment_987.wav,4,4.333619
C:\Users\alina\Desktop\Capstone Project\segmented_audio\nn01a_20180929_000000_segment_992.wav,4,4.3662944
C:\Users\alina\Desktop\Capstone Project\segmented_audio\nn01a_20180929_000000_segment_895.wav,4,4.341837
C:\Users\alina\Desktop\Capstone Project\segmented_audio\nn01a_20180929_000000_segment_560.wav,4,4.468075
C:\Users\alina\Desktop\Capstone Project\segmented_audio\nn01a_20180929_000000_segment_748.wav,4,4.124692
C:\Users\alina\Desktop\Capstone Project\segmented_audio\nn01a_20180930_000000_segment_8530.wav,4,4.5898013
C:\Users\alina\Desktop\Capstone Project\segmented_audio\nn01a_20181001_000000_segment_202.wav,4,4.244711
C:\Users\alina\Desktop\Capstone Project\segmented_audio\nn01a_20180929_000000_segment_973.wav,4,4.1860533
C:\Users\alina\Desktop\Capstone Project\segmented_audio\nn01a_20180929_000000_segment_994.wav,4,4.408644
C:\Users\alina\Desktop\Capstone Project\segmented_audio\nn01a_20180929_000000_segment_1570.wav,4,4.260282
C:\Users\alina\Desktop\Capstone Project\segmented_audio\nn01a_20180929_000000_segment_1093.wav,4,4.2982764
C:\Users\alina\Desktop\Capstone Project\segmented_audio\nn01a_20180929_000000_segment_554.wav,4,4.587794
C:\Users\alina\Desktop\Capstone Project\segmented_audio\nn01a_20180929_000000_segment_514.wav,4,4.519947
C:\Users\alina\Desktop\Capstone Project\segmented_audio\nn01a_20180929_000000_segment_1096.wav,4,4.1983747
C:\Users\alina\Desktop\Capstone Project\segmented_audio\nn01a_20180929_000000_segment_1085.wav,4,4.328315
C:\Users\alina\Desktop\Capstone Project\segmented_audio\nn01a_20180929_000000_segment_942.wav,4,4.3115096
C:\Users\alina\Desktop\Capstone Project\segmented_audio\nn01a_20180929_000000_segment_589.wav,4,4.5906744
C:\Users\alina\Desktop\Capstone Project\segmented_audio\nn01a_20181001_000000_segment_192.wav,4,3.957642
C:\Users\alina\Desktop\Capstone Project\segmented_audio\nn01a_20180929_000000_segment_534.wav,4,4.683469
C:\Users\alina\Desktop\Capstone Project\segmented_audio\nn01a_20180929_000000_segment_1024.wav,4,4.213077
C:\Users\alina\Desktop\Capstone Project\segmented_audio\nn01a_20180929_000000_segment_995.wav,4,4.451274
C:\Users\alina\Desktop\Capstone Project\segmented_audio\nn01a_20180929_000000_segment_1511.wav,4,4.1937265
C:\Users\alina\Desktop\Capstone Project\segmented_audio\nn01a_20180929_000000_segment_641.wav,4,4.283029
C:\Users\alina\Desktop\Capstone Project\segmented_audio\nn01a_20180929_000000_segment_1042.wav,4,4.1507416
C:\Users\alina\Desktop\Capstone Project\segmented_audio\nn01a_20180929_000000_segment_657.wav,4,4.5264254
C:\Users\alina\Desktop\Capstone Project\segmented_audio\nn01a_20180929_000000_segment_861.wav,4,4.2248626
C:\Users\alina\Desktop\Capstone Project\segmented_audio\nn01a_20180929_000000_segment_974.wav,4,4.1880884
C:\Users\alina\Desktop\Capstone Project\segmented_audio\nn01a_20180929_000000_segment_990.wav,4,4.4181466
C:\Users\alina\Desktop\Capstone Project\segmented_audio\nn01a_20180929_000000_segment_511.wav,4,4.5973783
C:\Users\alina\Desktop\Capstone Project\segmented_audio\nn01a_20180929_000000_segment_744.wav,4,4.1933827
C:\Users\alina\Desktop\Capstone Project\segmented_audio\nn01a_20181001_000000_segment_191.wav,4,3.8889222
C:\Users\alina\Desktop\Capstone Project\segmented_audio\nn01a_20180929_000000_segment_925.wav,4,4.1862593
C:\Users\alina\Desktop\Capstone Project\segmented_audio\nn01a_20180929_000000_segment_619.wav,4,4.063964
C:\Users\alina\Desktop\Capstone Project\segmented_audio\nn01a_20180929_000000_segment_552.wav,4,4.5646133
C:\Users\alina\Desktop\Capstone Project\segmented_audio\nn01a_20180929_000000_segment_932.wav,4,4.3168
C:\Users\alina\Desktop\Capstone Project\segmented_audio\nn01a_20180929_000000_segment_1102.wav,4,4.2682633
C:\Users\alina\Desktop\Capstone Project\segmented_audio\nn01a_20180929_000000_segment_595.wav,4,4.5619392
C:\Users\alina\Desktop\Capstone Project\segmented_audio\nn01a_20180929_000000_segment_532.wav,4,4.6133733
C:\Users\alina\Desktop\Capstone Project\segmented_audio\nn01a_20180929_000000_segment_553.wav,4,4.559433
C:\Users\alina\Desktop\Capstone Project\segmented_audio\nn01a_20180929_000000_segment_743.wav,4,4.184589
